--
-- PostgreSQL database dump
--

-- Dumped from database version 14.6 (Ubuntu 14.6-0ubuntu0.22.04.1)
-- Dumped by pg_dump version 14.6 (Ubuntu 14.6-0ubuntu0.22.04.1)

SET statement_timeout = 0;
SET lock_timeout = 0;
SET idle_in_transaction_session_timeout = 0;
SET client_encoding = 'UTF8';
SET standard_conforming_strings = on;
SELECT pg_catalog.set_config('search_path', '', false);
SET check_function_bodies = false;
SET xmloption = content;
SET client_min_messages = warning;
SET row_security = off;

--
-- Name: public; Type: SCHEMA; Schema: -; Owner: postgres
--

CREATE SCHEMA public;


ALTER SCHEMA public OWNER TO postgres;

--
-- Name: SCHEMA public; Type: COMMENT; Schema: -; Owner: postgres
--

COMMENT ON SCHEMA public IS 'standard public schema';


SET default_tablespace = '';

SET default_table_access_method = heap;

--
-- Name: account_emailaddress; Type: TABLE; Schema: public; Owner: news_user
--

CREATE TABLE public.account_emailaddress (
    id integer NOT NULL,
    email character varying(254) NOT NULL,
    verified boolean NOT NULL,
    "primary" boolean NOT NULL,
    user_id integer NOT NULL
);


ALTER TABLE public.account_emailaddress OWNER TO news_user;

--
-- Name: account_emailaddress_id_seq; Type: SEQUENCE; Schema: public; Owner: news_user
--

ALTER TABLE public.account_emailaddress ALTER COLUMN id ADD GENERATED BY DEFAULT AS IDENTITY (
    SEQUENCE NAME public.account_emailaddress_id_seq
    START WITH 1
    INCREMENT BY 1
    NO MINVALUE
    NO MAXVALUE
    CACHE 1
);


--
-- Name: account_emailconfirmation; Type: TABLE; Schema: public; Owner: news_user
--

CREATE TABLE public.account_emailconfirmation (
    id integer NOT NULL,
    created timestamp with time zone NOT NULL,
    sent timestamp with time zone,
    key character varying(64) NOT NULL,
    email_address_id integer NOT NULL
);


ALTER TABLE public.account_emailconfirmation OWNER TO news_user;

--
-- Name: account_emailconfirmation_id_seq; Type: SEQUENCE; Schema: public; Owner: news_user
--

ALTER TABLE public.account_emailconfirmation ALTER COLUMN id ADD GENERATED BY DEFAULT AS IDENTITY (
    SEQUENCE NAME public.account_emailconfirmation_id_seq
    START WITH 1
    INCREMENT BY 1
    NO MINVALUE
    NO MAXVALUE
    CACHE 1
);


--
-- Name: auth_group; Type: TABLE; Schema: public; Owner: news_user
--

CREATE TABLE public.auth_group (
    id integer NOT NULL,
    name character varying(150) NOT NULL
);


ALTER TABLE public.auth_group OWNER TO news_user;

--
-- Name: auth_group_id_seq; Type: SEQUENCE; Schema: public; Owner: news_user
--

ALTER TABLE public.auth_group ALTER COLUMN id ADD GENERATED BY DEFAULT AS IDENTITY (
    SEQUENCE NAME public.auth_group_id_seq
    START WITH 1
    INCREMENT BY 1
    NO MINVALUE
    NO MAXVALUE
    CACHE 1
);


--
-- Name: auth_group_permissions; Type: TABLE; Schema: public; Owner: news_user
--

CREATE TABLE public.auth_group_permissions (
    id bigint NOT NULL,
    group_id integer NOT NULL,
    permission_id integer NOT NULL
);


ALTER TABLE public.auth_group_permissions OWNER TO news_user;

--
-- Name: auth_group_permissions_id_seq; Type: SEQUENCE; Schema: public; Owner: news_user
--

ALTER TABLE public.auth_group_permissions ALTER COLUMN id ADD GENERATED BY DEFAULT AS IDENTITY (
    SEQUENCE NAME public.auth_group_permissions_id_seq
    START WITH 1
    INCREMENT BY 1
    NO MINVALUE
    NO MAXVALUE
    CACHE 1
);


--
-- Name: auth_permission; Type: TABLE; Schema: public; Owner: news_user
--

CREATE TABLE public.auth_permission (
    id integer NOT NULL,
    name character varying(255) NOT NULL,
    content_type_id integer NOT NULL,
    codename character varying(100) NOT NULL
);


ALTER TABLE public.auth_permission OWNER TO news_user;

--
-- Name: auth_permission_id_seq; Type: SEQUENCE; Schema: public; Owner: news_user
--

ALTER TABLE public.auth_permission ALTER COLUMN id ADD GENERATED BY DEFAULT AS IDENTITY (
    SEQUENCE NAME public.auth_permission_id_seq
    START WITH 1
    INCREMENT BY 1
    NO MINVALUE
    NO MAXVALUE
    CACHE 1
);


--
-- Name: auth_user; Type: TABLE; Schema: public; Owner: news_user
--

CREATE TABLE public.auth_user (
    id integer NOT NULL,
    password character varying(128) NOT NULL,
    last_login timestamp with time zone,
    is_superuser boolean NOT NULL,
    username character varying(150) NOT NULL,
    first_name character varying(150) NOT NULL,
    last_name character varying(150) NOT NULL,
    email character varying(254) NOT NULL,
    is_staff boolean NOT NULL,
    is_active boolean NOT NULL,
    date_joined timestamp with time zone NOT NULL
);


ALTER TABLE public.auth_user OWNER TO news_user;

--
-- Name: auth_user_groups; Type: TABLE; Schema: public; Owner: news_user
--

CREATE TABLE public.auth_user_groups (
    id bigint NOT NULL,
    user_id integer NOT NULL,
    group_id integer NOT NULL
);


ALTER TABLE public.auth_user_groups OWNER TO news_user;

--
-- Name: auth_user_groups_id_seq; Type: SEQUENCE; Schema: public; Owner: news_user
--

ALTER TABLE public.auth_user_groups ALTER COLUMN id ADD GENERATED BY DEFAULT AS IDENTITY (
    SEQUENCE NAME public.auth_user_groups_id_seq
    START WITH 1
    INCREMENT BY 1
    NO MINVALUE
    NO MAXVALUE
    CACHE 1
);


--
-- Name: auth_user_id_seq; Type: SEQUENCE; Schema: public; Owner: news_user
--

ALTER TABLE public.auth_user ALTER COLUMN id ADD GENERATED BY DEFAULT AS IDENTITY (
    SEQUENCE NAME public.auth_user_id_seq
    START WITH 1
    INCREMENT BY 1
    NO MINVALUE
    NO MAXVALUE
    CACHE 1
);


--
-- Name: auth_user_user_permissions; Type: TABLE; Schema: public; Owner: news_user
--

CREATE TABLE public.auth_user_user_permissions (
    id bigint NOT NULL,
    user_id integer NOT NULL,
    permission_id integer NOT NULL
);


ALTER TABLE public.auth_user_user_permissions OWNER TO news_user;

--
-- Name: auth_user_user_permissions_id_seq; Type: SEQUENCE; Schema: public; Owner: news_user
--

ALTER TABLE public.auth_user_user_permissions ALTER COLUMN id ADD GENERATED BY DEFAULT AS IDENTITY (
    SEQUENCE NAME public.auth_user_user_permissions_id_seq
    START WITH 1
    INCREMENT BY 1
    NO MINVALUE
    NO MAXVALUE
    CACHE 1
);


--
-- Name: django_admin_log; Type: TABLE; Schema: public; Owner: news_user
--

CREATE TABLE public.django_admin_log (
    id integer NOT NULL,
    action_time timestamp with time zone NOT NULL,
    object_id text,
    object_repr character varying(200) NOT NULL,
    action_flag smallint NOT NULL,
    change_message text NOT NULL,
    content_type_id integer,
    user_id integer NOT NULL,
    CONSTRAINT django_admin_log_action_flag_check CHECK ((action_flag >= 0))
);


ALTER TABLE public.django_admin_log OWNER TO news_user;

--
-- Name: django_admin_log_id_seq; Type: SEQUENCE; Schema: public; Owner: news_user
--

ALTER TABLE public.django_admin_log ALTER COLUMN id ADD GENERATED BY DEFAULT AS IDENTITY (
    SEQUENCE NAME public.django_admin_log_id_seq
    START WITH 1
    INCREMENT BY 1
    NO MINVALUE
    NO MAXVALUE
    CACHE 1
);


--
-- Name: django_apscheduler_djangojob; Type: TABLE; Schema: public; Owner: news_user
--

CREATE TABLE public.django_apscheduler_djangojob (
    id character varying(255) NOT NULL,
    next_run_time timestamp with time zone,
    job_state bytea NOT NULL
);


ALTER TABLE public.django_apscheduler_djangojob OWNER TO news_user;

--
-- Name: django_apscheduler_djangojobexecution; Type: TABLE; Schema: public; Owner: news_user
--

CREATE TABLE public.django_apscheduler_djangojobexecution (
    id bigint NOT NULL,
    status character varying(50) NOT NULL,
    run_time timestamp with time zone NOT NULL,
    duration numeric(15,2),
    finished numeric(15,2),
    exception character varying(1000),
    traceback text,
    job_id character varying(255) NOT NULL
);


ALTER TABLE public.django_apscheduler_djangojobexecution OWNER TO news_user;

--
-- Name: django_apscheduler_djangojobexecution_id_seq; Type: SEQUENCE; Schema: public; Owner: news_user
--

ALTER TABLE public.django_apscheduler_djangojobexecution ALTER COLUMN id ADD GENERATED BY DEFAULT AS IDENTITY (
    SEQUENCE NAME public.django_apscheduler_djangojobexecution_id_seq
    START WITH 1
    INCREMENT BY 1
    NO MINVALUE
    NO MAXVALUE
    CACHE 1
);


--
-- Name: django_content_type; Type: TABLE; Schema: public; Owner: news_user
--

CREATE TABLE public.django_content_type (
    id integer NOT NULL,
    app_label character varying(100) NOT NULL,
    model character varying(100) NOT NULL
);


ALTER TABLE public.django_content_type OWNER TO news_user;

--
-- Name: django_content_type_id_seq; Type: SEQUENCE; Schema: public; Owner: news_user
--

ALTER TABLE public.django_content_type ALTER COLUMN id ADD GENERATED BY DEFAULT AS IDENTITY (
    SEQUENCE NAME public.django_content_type_id_seq
    START WITH 1
    INCREMENT BY 1
    NO MINVALUE
    NO MAXVALUE
    CACHE 1
);


--
-- Name: django_flatpage; Type: TABLE; Schema: public; Owner: news_user
--

CREATE TABLE public.django_flatpage (
    id integer NOT NULL,
    url character varying(100) NOT NULL,
    title character varying(200) NOT NULL,
    content text NOT NULL,
    enable_comments boolean NOT NULL,
    template_name character varying(70) NOT NULL,
    registration_required boolean NOT NULL
);


ALTER TABLE public.django_flatpage OWNER TO news_user;

--
-- Name: django_flatpage_id_seq; Type: SEQUENCE; Schema: public; Owner: news_user
--

ALTER TABLE public.django_flatpage ALTER COLUMN id ADD GENERATED BY DEFAULT AS IDENTITY (
    SEQUENCE NAME public.django_flatpage_id_seq
    START WITH 1
    INCREMENT BY 1
    NO MINVALUE
    NO MAXVALUE
    CACHE 1
);


--
-- Name: django_flatpage_sites; Type: TABLE; Schema: public; Owner: news_user
--

CREATE TABLE public.django_flatpage_sites (
    id bigint NOT NULL,
    flatpage_id integer NOT NULL,
    site_id integer NOT NULL
);


ALTER TABLE public.django_flatpage_sites OWNER TO news_user;

--
-- Name: django_flatpage_sites_id_seq; Type: SEQUENCE; Schema: public; Owner: news_user
--

ALTER TABLE public.django_flatpage_sites ALTER COLUMN id ADD GENERATED BY DEFAULT AS IDENTITY (
    SEQUENCE NAME public.django_flatpage_sites_id_seq
    START WITH 1
    INCREMENT BY 1
    NO MINVALUE
    NO MAXVALUE
    CACHE 1
);


--
-- Name: django_migrations; Type: TABLE; Schema: public; Owner: news_user
--

CREATE TABLE public.django_migrations (
    id bigint NOT NULL,
    app character varying(255) NOT NULL,
    name character varying(255) NOT NULL,
    applied timestamp with time zone NOT NULL
);


ALTER TABLE public.django_migrations OWNER TO news_user;

--
-- Name: django_migrations_id_seq; Type: SEQUENCE; Schema: public; Owner: news_user
--

ALTER TABLE public.django_migrations ALTER COLUMN id ADD GENERATED BY DEFAULT AS IDENTITY (
    SEQUENCE NAME public.django_migrations_id_seq
    START WITH 1
    INCREMENT BY 1
    NO MINVALUE
    NO MAXVALUE
    CACHE 1
);


--
-- Name: django_session; Type: TABLE; Schema: public; Owner: news_user
--

CREATE TABLE public.django_session (
    session_key character varying(40) NOT NULL,
    session_data text NOT NULL,
    expire_date timestamp with time zone NOT NULL
);


ALTER TABLE public.django_session OWNER TO news_user;

--
-- Name: django_site; Type: TABLE; Schema: public; Owner: news_user
--

CREATE TABLE public.django_site (
    id integer NOT NULL,
    domain character varying(100) NOT NULL,
    name character varying(50) NOT NULL
);


ALTER TABLE public.django_site OWNER TO news_user;

--
-- Name: django_site_id_seq; Type: SEQUENCE; Schema: public; Owner: news_user
--

ALTER TABLE public.django_site ALTER COLUMN id ADD GENERATED BY DEFAULT AS IDENTITY (
    SEQUENCE NAME public.django_site_id_seq
    START WITH 1
    INCREMENT BY 1
    NO MINVALUE
    NO MAXVALUE
    CACHE 1
);


--
-- Name: news_author; Type: TABLE; Schema: public; Owner: news_user
--

CREATE TABLE public.news_author (
    id bigint NOT NULL,
    full_name character varying(150) NOT NULL,
    rating integer NOT NULL,
    user_id integer NOT NULL
);


ALTER TABLE public.news_author OWNER TO news_user;

--
-- Name: news_author_id_seq; Type: SEQUENCE; Schema: public; Owner: news_user
--

ALTER TABLE public.news_author ALTER COLUMN id ADD GENERATED BY DEFAULT AS IDENTITY (
    SEQUENCE NAME public.news_author_id_seq
    START WITH 1
    INCREMENT BY 1
    NO MINVALUE
    NO MAXVALUE
    CACHE 1
);


--
-- Name: news_categories; Type: TABLE; Schema: public; Owner: news_user
--

CREATE TABLE public.news_categories (
    id bigint NOT NULL,
    title character varying(250) NOT NULL,
    title_en_us character varying(250),
    title_ru character varying(250)
);


ALTER TABLE public.news_categories OWNER TO news_user;

--
-- Name: news_categories_id_seq; Type: SEQUENCE; Schema: public; Owner: news_user
--

ALTER TABLE public.news_categories ALTER COLUMN id ADD GENERATED BY DEFAULT AS IDENTITY (
    SEQUENCE NAME public.news_categories_id_seq
    START WITH 1
    INCREMENT BY 1
    NO MINVALUE
    NO MAXVALUE
    CACHE 1
);


--
-- Name: news_categories_subscribes; Type: TABLE; Schema: public; Owner: news_user
--

CREATE TABLE public.news_categories_subscribes (
    id bigint NOT NULL,
    categories_id bigint NOT NULL,
    user_id integer NOT NULL
);


ALTER TABLE public.news_categories_subscribes OWNER TO news_user;

--
-- Name: news_categories_subscribes_id_seq; Type: SEQUENCE; Schema: public; Owner: news_user
--

ALTER TABLE public.news_categories_subscribes ALTER COLUMN id ADD GENERATED BY DEFAULT AS IDENTITY (
    SEQUENCE NAME public.news_categories_subscribes_id_seq
    START WITH 1
    INCREMENT BY 1
    NO MINVALUE
    NO MAXVALUE
    CACHE 1
);


--
-- Name: news_comment; Type: TABLE; Schema: public; Owner: news_user
--

CREATE TABLE public.news_comment (
    id bigint NOT NULL,
    text text NOT NULL,
    "time" timestamp with time zone NOT NULL,
    rating integer NOT NULL,
    news_id bigint NOT NULL,
    user_id integer NOT NULL
);


ALTER TABLE public.news_comment OWNER TO news_user;

--
-- Name: news_comment_id_seq; Type: SEQUENCE; Schema: public; Owner: news_user
--

ALTER TABLE public.news_comment ALTER COLUMN id ADD GENERATED BY DEFAULT AS IDENTITY (
    SEQUENCE NAME public.news_comment_id_seq
    START WITH 1
    INCREMENT BY 1
    NO MINVALUE
    NO MAXVALUE
    CACHE 1
);


--
-- Name: news_news; Type: TABLE; Schema: public; Owner: news_user
--

CREATE TABLE public.news_news (
    id bigint NOT NULL,
    "time" timestamp with time zone NOT NULL,
    title character varying(50) NOT NULL,
    article text NOT NULL,
    article_or_news character varying(2) NOT NULL,
    rating integer NOT NULL,
    author_id bigint NOT NULL,
    article_en_us text,
    article_ru text,
    title_en_us character varying(50),
    title_ru character varying(50)
);


ALTER TABLE public.news_news OWNER TO news_user;

--
-- Name: news_news_id_seq; Type: SEQUENCE; Schema: public; Owner: news_user
--

ALTER TABLE public.news_news ALTER COLUMN id ADD GENERATED BY DEFAULT AS IDENTITY (
    SEQUENCE NAME public.news_news_id_seq
    START WITH 1
    INCREMENT BY 1
    NO MINVALUE
    NO MAXVALUE
    CACHE 1
);


--
-- Name: news_newscategories; Type: TABLE; Schema: public; Owner: news_user
--

CREATE TABLE public.news_newscategories (
    id bigint NOT NULL,
    cat_key_id bigint NOT NULL,
    new_key_id bigint NOT NULL
);


ALTER TABLE public.news_newscategories OWNER TO news_user;

--
-- Name: news_newscategories_id_seq; Type: SEQUENCE; Schema: public; Owner: news_user
--

ALTER TABLE public.news_newscategories ALTER COLUMN id ADD GENERATED BY DEFAULT AS IDENTITY (
    SEQUENCE NAME public.news_newscategories_id_seq
    START WITH 1
    INCREMENT BY 1
    NO MINVALUE
    NO MAXVALUE
    CACHE 1
);


--
-- Name: socialaccount_socialaccount; Type: TABLE; Schema: public; Owner: news_user
--

CREATE TABLE public.socialaccount_socialaccount (
    id integer NOT NULL,
    provider character varying(30) NOT NULL,
    uid character varying(191) NOT NULL,
    last_login timestamp with time zone NOT NULL,
    date_joined timestamp with time zone NOT NULL,
    extra_data text NOT NULL,
    user_id integer NOT NULL
);


ALTER TABLE public.socialaccount_socialaccount OWNER TO news_user;

--
-- Name: socialaccount_socialaccount_id_seq; Type: SEQUENCE; Schema: public; Owner: news_user
--

ALTER TABLE public.socialaccount_socialaccount ALTER COLUMN id ADD GENERATED BY DEFAULT AS IDENTITY (
    SEQUENCE NAME public.socialaccount_socialaccount_id_seq
    START WITH 1
    INCREMENT BY 1
    NO MINVALUE
    NO MAXVALUE
    CACHE 1
);


--
-- Name: socialaccount_socialapp; Type: TABLE; Schema: public; Owner: news_user
--

CREATE TABLE public.socialaccount_socialapp (
    id integer NOT NULL,
    provider character varying(30) NOT NULL,
    name character varying(40) NOT NULL,
    client_id character varying(191) NOT NULL,
    secret character varying(191) NOT NULL,
    key character varying(191) NOT NULL
);


ALTER TABLE public.socialaccount_socialapp OWNER TO news_user;

--
-- Name: socialaccount_socialapp_id_seq; Type: SEQUENCE; Schema: public; Owner: news_user
--

ALTER TABLE public.socialaccount_socialapp ALTER COLUMN id ADD GENERATED BY DEFAULT AS IDENTITY (
    SEQUENCE NAME public.socialaccount_socialapp_id_seq
    START WITH 1
    INCREMENT BY 1
    NO MINVALUE
    NO MAXVALUE
    CACHE 1
);


--
-- Name: socialaccount_socialapp_sites; Type: TABLE; Schema: public; Owner: news_user
--

CREATE TABLE public.socialaccount_socialapp_sites (
    id bigint NOT NULL,
    socialapp_id integer NOT NULL,
    site_id integer NOT NULL
);


ALTER TABLE public.socialaccount_socialapp_sites OWNER TO news_user;

--
-- Name: socialaccount_socialapp_sites_id_seq; Type: SEQUENCE; Schema: public; Owner: news_user
--

ALTER TABLE public.socialaccount_socialapp_sites ALTER COLUMN id ADD GENERATED BY DEFAULT AS IDENTITY (
    SEQUENCE NAME public.socialaccount_socialapp_sites_id_seq
    START WITH 1
    INCREMENT BY 1
    NO MINVALUE
    NO MAXVALUE
    CACHE 1
);


--
-- Name: socialaccount_socialtoken; Type: TABLE; Schema: public; Owner: news_user
--

CREATE TABLE public.socialaccount_socialtoken (
    id integer NOT NULL,
    token text NOT NULL,
    token_secret text NOT NULL,
    expires_at timestamp with time zone,
    account_id integer NOT NULL,
    app_id integer NOT NULL
);


ALTER TABLE public.socialaccount_socialtoken OWNER TO news_user;

--
-- Name: socialaccount_socialtoken_id_seq; Type: SEQUENCE; Schema: public; Owner: news_user
--

ALTER TABLE public.socialaccount_socialtoken ALTER COLUMN id ADD GENERATED BY DEFAULT AS IDENTITY (
    SEQUENCE NAME public.socialaccount_socialtoken_id_seq
    START WITH 1
    INCREMENT BY 1
    NO MINVALUE
    NO MAXVALUE
    CACHE 1
);


--
-- Data for Name: account_emailaddress; Type: TABLE DATA; Schema: public; Owner: news_user
--

COPY public.account_emailaddress (id, email, verified, "primary", user_id) FROM stdin;
\.


--
-- Data for Name: account_emailconfirmation; Type: TABLE DATA; Schema: public; Owner: news_user
--

COPY public.account_emailconfirmation (id, created, sent, key, email_address_id) FROM stdin;
\.


--
-- Data for Name: auth_group; Type: TABLE DATA; Schema: public; Owner: news_user
--

COPY public.auth_group (id, name) FROM stdin;
1	authors
\.


--
-- Data for Name: auth_group_permissions; Type: TABLE DATA; Schema: public; Owner: news_user
--

COPY public.auth_group_permissions (id, group_id, permission_id) FROM stdin;
1	1	25
2	1	26
3	1	27
4	1	28
5	1	29
6	1	30
7	1	31
8	1	32
9	1	33
10	1	34
11	1	35
12	1	36
13	1	37
14	1	38
15	1	39
16	1	40
17	1	41
18	1	42
19	1	43
20	1	44
\.


--
-- Data for Name: auth_permission; Type: TABLE DATA; Schema: public; Owner: news_user
--

COPY public.auth_permission (id, name, content_type_id, codename) FROM stdin;
1	Can add log entry	1	add_logentry
2	Can change log entry	1	change_logentry
3	Can delete log entry	1	delete_logentry
4	Can view log entry	1	view_logentry
5	Can add permission	2	add_permission
6	Can change permission	2	change_permission
7	Can delete permission	2	delete_permission
8	Can view permission	2	view_permission
9	Can add group	3	add_group
10	Can change group	3	change_group
11	Can delete group	3	delete_group
12	Can view group	3	view_group
13	Can add user	4	add_user
14	Can change user	4	change_user
15	Can delete user	4	delete_user
16	Can view user	4	view_user
17	Can add content type	5	add_contenttype
18	Can change content type	5	change_contenttype
19	Can delete content type	5	delete_contenttype
20	Can view content type	5	view_contenttype
21	Can add session	6	add_session
22	Can change session	6	change_session
23	Can delete session	6	delete_session
24	Can view session	6	view_session
25	Can add author	7	add_author
26	Can change author	7	change_author
27	Can delete author	7	delete_author
28	Can view author	7	view_author
29	Can add categories	8	add_categories
30	Can change categories	8	change_categories
31	Can delete categories	8	delete_categories
32	Can view categories	8	view_categories
33	Can add news	9	add_news
34	Can change news	9	change_news
35	Can delete news	9	delete_news
36	Can view news	9	view_news
37	Can add news categories	10	add_newscategories
38	Can change news categories	10	change_newscategories
39	Can delete news categories	10	delete_newscategories
40	Can view news categories	10	view_newscategories
41	Can add comment	11	add_comment
42	Can change comment	11	change_comment
43	Can delete comment	11	delete_comment
44	Can view comment	11	view_comment
45	Can add site	12	add_site
46	Can change site	12	change_site
47	Can delete site	12	delete_site
48	Can view site	12	view_site
49	Can add flat page	13	add_flatpage
50	Can change flat page	13	change_flatpage
51	Can delete flat page	13	delete_flatpage
52	Can view flat page	13	view_flatpage
53	Can add email address	14	add_emailaddress
54	Can change email address	14	change_emailaddress
55	Can delete email address	14	delete_emailaddress
56	Can view email address	14	view_emailaddress
57	Can add email confirmation	15	add_emailconfirmation
58	Can change email confirmation	15	change_emailconfirmation
59	Can delete email confirmation	15	delete_emailconfirmation
60	Can view email confirmation	15	view_emailconfirmation
61	Can add social account	16	add_socialaccount
62	Can change social account	16	change_socialaccount
63	Can delete social account	16	delete_socialaccount
64	Can view social account	16	view_socialaccount
65	Can add social application	17	add_socialapp
66	Can change social application	17	change_socialapp
67	Can delete social application	17	delete_socialapp
68	Can view social application	17	view_socialapp
69	Can add social application token	18	add_socialtoken
70	Can change social application token	18	change_socialtoken
71	Can delete social application token	18	delete_socialtoken
72	Can view social application token	18	view_socialtoken
73	Can add django job	19	add_djangojob
74	Can change django job	19	change_djangojob
75	Can delete django job	19	delete_djangojob
76	Can view django job	19	view_djangojob
77	Can add django job execution	20	add_djangojobexecution
78	Can change django job execution	20	change_djangojobexecution
79	Can delete django job execution	20	delete_djangojobexecution
80	Can view django job execution	20	view_djangojobexecution
\.


--
-- Data for Name: auth_user; Type: TABLE DATA; Schema: public; Owner: news_user
--

COPY public.auth_user (id, password, last_login, is_superuser, username, first_name, last_name, email, is_staff, is_active, date_joined) FROM stdin;
1	pbkdf2_sha256$390000$yfRWBtJ6LxDoOo0oD9fNxH$HWlKHoJ0EpHA0TvcyPimecSsj39NTHk9Dlr9Qgi/XQs=	2023-01-31 00:54:05.320334+03	t	admin			admin@admin.com	t	t	2023-01-25 09:32:58+03
\.


--
-- Data for Name: auth_user_groups; Type: TABLE DATA; Schema: public; Owner: news_user
--

COPY public.auth_user_groups (id, user_id, group_id) FROM stdin;
1	1	1
\.


--
-- Data for Name: auth_user_user_permissions; Type: TABLE DATA; Schema: public; Owner: news_user
--

COPY public.auth_user_user_permissions (id, user_id, permission_id) FROM stdin;
\.


--
-- Data for Name: django_admin_log; Type: TABLE DATA; Schema: public; Owner: news_user
--

COPY public.django_admin_log (id, action_time, object_id, object_repr, action_flag, change_message, content_type_id, user_id) FROM stdin;
1	2023-01-26 22:43:41.430358+03	1	/news/ -- Новости	1	[{"added": {}}]	13	1
2	2023-01-26 22:44:18.901887+03	2	/create/ -- Новая статья	1	[{"added": {}}]	13	1
3	2023-01-26 22:44:55.200611+03	3	/edit/ -- Редактирование новостей	1	[{"added": {}}]	13	1
4	2023-01-26 22:45:18.833704+03	4	/search/ -- Поиск	1	[{"added": {}}]	13	1
5	2023-01-26 22:45:43.024032+03	5	/article/cre/ -- Новая статья	1	[{"added": {}}]	13	1
6	2023-01-26 22:53:46.50983+03	1	authors	1	[{"added": {}}]	3	1
7	2023-01-26 22:54:09.163101+03	1	admin	2	[{"changed": {"fields": ["Groups"]}}]	4	1
8	2023-01-29 06:24:49.66294+03	4	Gopher Cybercrime	2	[{"changed": {"fields": ["Title [en-us]", "Title [ru]", "Subscribes"]}}]	8	1
9	2023-01-29 06:25:26.170361+03	3	News Grandma Off The Bench	2	[{"changed": {"fields": ["Title [en-us]", "Title [ru]", "Subscribes"]}}]	8	1
10	2023-01-29 06:25:51.409248+03	2	It Technology News	2	[{"changed": {"fields": ["Title [en-us]", "Title [ru]", "Subscribes"]}}]	8	1
11	2023-01-29 06:26:08.031013+03	1	Economy News	2	[{"changed": {"fields": ["Title [en-us]", "Title [ru]", "Subscribes"]}}]	8	1
12	2023-01-29 06:27:04.619257+03	7	2023-01-26, Article3 On Postgress: Article3 on postgress Article3 on postgress Article3 on postgress Article3 on postgress Article3 on postgress Article3 on postgress Article3 on postgress Article3 on	2	[{"changed": {"fields": ["Title [en-us]", "Title [ru]", "Article [en-us]", "Article [ru]"]}}]	9	1
13	2023-01-29 06:27:50.969806+03	6	2023-01-26, Economy News: Economic news Economic news Economic news Economic news Economic news Economic news Economic news Economic news Economic news Economic news Economic news Economic news Econom	2	[{"changed": {"fields": ["Title [en-us]", "Title [ru]", "Article [en-us]", "Article [ru]"]}}]	9	1
14	2023-01-29 06:28:35.769141+03	5	2023-01-26, Article2 On Postgress: Article on postgress Article on postgress Article on postgress Article on postgress Article on postgress Article on postgress Article on postgress Article on postgre	2	[{"changed": {"fields": ["Title [en-us]", "Title [ru]", "Article [en-us]", "Article [ru]"]}}]	9	1
15	2023-01-29 06:29:22.462096+03	4	2023-01-26, Article2 On Postgress: Article on postgress Article on postgress Article on postgress Article on postgress Article on postgress Article on postgress Article on postgress Article on postgre	2	[{"changed": {"fields": ["Title [en-us]", "Title [ru]", "Article [en-us]", "Article [ru]"]}}]	9	1
16	2023-01-29 06:29:58.715834+03	3	2023-01-26, Article On Postgress: Article on postgress Article on postgress Article on postgress Article on postgress Article on postgress Article on postgress Article on postgress Article on postgres	2	[{"changed": {"fields": ["Title [en-us]", "Title [ru]", "Article [en-us]", "Article [ru]"]}}]	9	1
17	2023-01-29 06:34:17.479939+03	7	2023-01-26, Статья3 На Postgress: Article3 on postgress Article3 on postgress Article3 on postgress Article3 on postgress Article3 on postgress Article3 on postgress Article3 on postgress Article3 on 	2	[{"changed": {"fields": ["Article"]}}]	9	1
18	2023-01-29 06:35:23.856005+03	7	2023-01-26, Статья3 На Postgress: Статья 3 о постгрессе Статья 3 о постгрессе Статья 3 о постгрессе Статья 3 о постгрессе Статья 3 о постгрессе Статья 3 о постгрессе Статья 3 о постгрессе Статья 3 о п	2	[{"changed": {"fields": ["Article [ru]"]}}]	9	1
19	2023-02-02 04:58:20.63378+03	8	2023-02-02, Новость  Киншаса: Новость  Киншаса Новость  Киншаса Новость  Киншаса Новость  Киншаса Новость  Киншаса Новость  Киншаса Новость  Киншаса Новость  Киншаса Новость  Киншаса Новость  Киншаса 	2	[{"changed": {"fields": ["Title [en-us]", "Article [en-us]"]}}]	9	1
20	2023-02-02 04:58:52.397039+03	9	2023-02-02, Новость  Киншаса 2: Новость  Киншаса 2 Новость  Киншаса 2 Новость  Киншаса 2 Новость  Киншаса 2 Новость  Киншаса 2 Новость  Киншаса 2 Новость  Киншаса 2 Новость  Киншаса 2 Новость  Киншаса	2	[{"changed": {"fields": ["Title [en-us]", "Article [en-us]"]}}]	9	1
21	2023-02-02 04:59:18.864098+03	10	2023-02-02, Статья  Киншаса: Статья  Киншаса Статья  Киншаса Статья  Киншаса Статья  Киншаса Статья  Киншаса Статья  Киншаса Статья  Киншаса Статья  Киншаса Статья  Киншаса Статья  Киншаса Статья  Кин	2	[{"changed": {"fields": ["Title [en-us]", "Article [en-us]"]}}]	9	1
\.


--
-- Data for Name: django_apscheduler_djangojob; Type: TABLE DATA; Schema: public; Owner: news_user
--

COPY public.django_apscheduler_djangojob (id, next_run_time, job_state) FROM stdin;
\.


--
-- Data for Name: django_apscheduler_djangojobexecution; Type: TABLE DATA; Schema: public; Owner: news_user
--

COPY public.django_apscheduler_djangojobexecution (id, status, run_time, duration, finished, exception, traceback, job_id) FROM stdin;
\.


--
-- Data for Name: django_content_type; Type: TABLE DATA; Schema: public; Owner: news_user
--

COPY public.django_content_type (id, app_label, model) FROM stdin;
1	admin	logentry
2	auth	permission
3	auth	group
4	auth	user
5	contenttypes	contenttype
6	sessions	session
7	news	author
8	news	categories
9	news	news
10	news	newscategories
11	news	comment
12	sites	site
13	flatpages	flatpage
14	account	emailaddress
15	account	emailconfirmation
16	socialaccount	socialaccount
17	socialaccount	socialapp
18	socialaccount	socialtoken
19	django_apscheduler	djangojob
20	django_apscheduler	djangojobexecution
\.


--
-- Data for Name: django_flatpage; Type: TABLE DATA; Schema: public; Owner: news_user
--

COPY public.django_flatpage (id, url, title, content, enable_comments, template_name, registration_required) FROM stdin;
1	/news/	Новости	Статья	f	templates/news.html	f
2	/create/	Новая статья		f	templates/news_create.html	f
3	/edit/	Редактирование новостей		f	templates/news_edit.html	f
4	/search/	Поиск		f	templates/news_search.html	f
5	/article/cre/	Новая статья		f	templates/article_create.html	f
\.


--
-- Data for Name: django_flatpage_sites; Type: TABLE DATA; Schema: public; Owner: news_user
--

COPY public.django_flatpage_sites (id, flatpage_id, site_id) FROM stdin;
1	1	1
2	2	1
3	3	1
4	4	1
5	5	1
\.


--
-- Data for Name: django_migrations; Type: TABLE DATA; Schema: public; Owner: news_user
--

COPY public.django_migrations (id, app, name, applied) FROM stdin;
1	contenttypes	0001_initial	2023-01-20 02:28:37.542104+03
2	auth	0001_initial	2023-01-20 02:28:37.6526+03
3	account	0001_initial	2023-01-20 02:28:37.742364+03
4	account	0002_email_max_length	2023-01-20 02:28:37.769323+03
5	admin	0001_initial	2023-01-20 02:28:37.801361+03
6	admin	0002_logentry_remove_auto_add	2023-01-20 02:28:37.812331+03
7	admin	0003_logentry_add_action_flag_choices	2023-01-20 02:28:37.820421+03
8	contenttypes	0002_remove_content_type_name	2023-01-20 02:28:37.833201+03
9	auth	0002_alter_permission_name_max_length	2023-01-20 02:28:37.840578+03
10	auth	0003_alter_user_email_max_length	2023-01-20 02:28:37.847754+03
11	auth	0004_alter_user_username_opts	2023-01-20 02:28:37.854579+03
12	auth	0005_alter_user_last_login_null	2023-01-20 02:28:37.863125+03
13	auth	0006_require_contenttypes_0002	2023-01-20 02:28:37.865223+03
14	auth	0007_alter_validators_add_error_messages	2023-01-20 02:28:37.871876+03
15	auth	0008_alter_user_username_max_length	2023-01-20 02:28:37.883418+03
16	auth	0009_alter_user_last_name_max_length	2023-01-20 02:28:37.890793+03
17	auth	0010_alter_group_name_max_length	2023-01-20 02:28:37.899174+03
18	auth	0011_update_proxy_permissions	2023-01-20 02:28:37.907054+03
19	auth	0012_alter_user_first_name_max_length	2023-01-20 02:28:37.914289+03
20	django_apscheduler	0001_initial	2023-01-20 02:28:37.952694+03
21	django_apscheduler	0002_auto_20180412_0758	2023-01-20 02:28:37.956384+03
22	django_apscheduler	0003_auto_20200716_1632	2023-01-20 02:28:37.996862+03
23	django_apscheduler	0004_auto_20200717_1043	2023-01-20 02:28:38.066289+03
24	django_apscheduler	0005_migrate_name_to_id	2023-01-20 02:28:38.081926+03
25	django_apscheduler	0006_remove_djangojob_name	2023-01-20 02:28:38.087653+03
26	django_apscheduler	0007_auto_20200717_1404	2023-01-20 02:28:38.110659+03
27	django_apscheduler	0008_remove_djangojobexecution_started	2023-01-20 02:28:38.116504+03
28	django_apscheduler	0009_djangojobexecution_unique_job_executions	2023-01-20 02:28:38.1255+03
29	sites	0001_initial	2023-01-20 02:28:38.134776+03
30	flatpages	0001_initial	2023-01-20 02:28:38.17574+03
31	news	0001_initial	2023-01-20 02:28:38.319746+03
32	news	0002_categories_subscribes	2023-01-20 02:28:38.346824+03
33	sessions	0001_initial	2023-01-20 02:28:38.365337+03
34	sites	0002_alter_domain_unique	2023-01-20 02:28:38.37809+03
35	socialaccount	0001_initial	2023-01-20 02:28:38.493429+03
36	socialaccount	0002_token_max_lengths	2023-01-20 02:28:38.521003+03
37	socialaccount	0003_extra_data_default_dict	2023-01-20 02:28:38.531823+03
38	news	0002_categories_title_en_us_categories_title_ru_and_more	2023-01-29 06:23:01.890014+03
\.


--
-- Data for Name: django_session; Type: TABLE DATA; Schema: public; Owner: news_user
--

COPY public.django_session (session_key, session_data, expire_date) FROM stdin;
zsn1ii5260i7ltiwchloy0jzkym1i3np	.eJxVjcsOwiAQRf-FtWmAWh7d6Y-QKcwEYkNNoYnG-O8W04Uu7-vcF3Ow1ei2gqtLgY1MsNOvN4G_YW4BzHOzO_B-2XLtvp0jLt1lV5hr8lDTkq_H6g8VocSdQ0EFTbZXYIfBCsFRG43BcC-MVBqIkCuNlkuJJNEGyYXs6awDkVEwNWjBUvYbh497Wp9s5O8PuC1DoQ:1pL7GW:dpn2HlGsuYs4BsQCwsUjrE2gTlc291BENdjjemf-u9k	2023-02-09 21:46:28.990019+03
hjq5tsr350imhwm4h2qpxbs7f0xu1kcq	.eJxVjcsOwiAQRf-FtWmAWh7d6Y-QKcwEYkNNoYnG-O8W04Uu7-vcF3Ow1ei2gqtLgY1MsNOvN4G_YW4BzHOzO_B-2XLtvp0jLt1lV5hr8lDTkq_H6g8VocSdQ0EFTbZXYIfBCsFRG43BcC-MVBqIkCuNlkuJJNEGyYXs6awDkVEwNWjBUvYbh497Wp9s5O8PuC1DoQ:1pLB2u:5PsxMVgN2niKzc6uos9uP8V_TLg0qCMAzHYIBfVkick	2023-02-10 01:48:40.757915+03
9nk5crytaz1dt36ntghsnkkti5scr135	.eJxVjcsOwiAQRf-FtWmAWh7d6Y-QKcwEYkNNoYnG-O8W04Uu7-vcF3Ow1ei2gqtLgY1MsNOvN4G_YW4BzHOzO_B-2XLtvp0jLt1lV5hr8lDTkq_H6g8VocSdQ0EFTbZXYIfBCsFRG43BcC-MVBqIkCuNlkuJJNEGyYXs6awDkVEwNWjBUvYbh497Wp9s5O8PuC1DoQ:1pLi3c:UwjmZlVA6qZCftfg8YTTYkMOhP1cUllWMI6mb4DLHzk	2023-02-11 13:03:36.966125+03
nd8clmqhbx4cylb72u5msty74efvs6im	.eJxVjssSwiAMRf-FtVOBKpTu6taPYCIkFq3UKXTGx_jvUseFLnNvck6ezMKcezsnnGzwrGWCrX6zA7gzxqWAYVjiCpwb55irz863TlVXJow5OMhhjLvv1R-qh9QXDnnlNZlagdlujRAcdaPRN9yJRioNRMiVRsOlRJJovORC1rTRnqhRcFigCVMqGou3a5jurOUr5k8Qj6PN4YKPMWIRdTSVd9b7EFNRA3u9ASPoUHM:1pNOep:iwcOCSIr4lOULPNZyT8k6ALHAIcJSdyh1YS2S6C09HA	2023-02-16 04:44:59.332934+03
\.


--
-- Data for Name: django_site; Type: TABLE DATA; Schema: public; Owner: news_user
--

COPY public.django_site (id, domain, name) FROM stdin;
1	example.com	example.com
\.


--
-- Data for Name: news_author; Type: TABLE DATA; Schema: public; Owner: news_user
--

COPY public.news_author (id, full_name, rating, user_id) FROM stdin;
1	admin	0	1
\.


--
-- Data for Name: news_categories; Type: TABLE DATA; Schema: public; Owner: news_user
--

COPY public.news_categories (id, title, title_en_us, title_ru) FROM stdin;
4	gopher cybercrime	gopher cybercrime	киберпреступления сусликов
3	News grandma off the bench	News grandma off the bench	Новости бабки со скамейки
2	IT technology news	IT technology news	Новости IT технологий
1	Economy news	Economy news	Новости экономики
\.


--
-- Data for Name: news_categories_subscribes; Type: TABLE DATA; Schema: public; Owner: news_user
--

COPY public.news_categories_subscribes (id, categories_id, user_id) FROM stdin;
1	4	1
2	3	1
3	2	1
4	1	1
\.


--
-- Data for Name: news_comment; Type: TABLE DATA; Schema: public; Owner: news_user
--

COPY public.news_comment (id, text, "time", rating, news_id, user_id) FROM stdin;
\.


--
-- Data for Name: news_news; Type: TABLE DATA; Schema: public; Owner: news_user
--

COPY public.news_news (id, "time", title, article, article_or_news, rating, author_id, article_en_us, article_ru, title_en_us, title_ru) FROM stdin;
1	2023-01-26 22:36:33.304148+03	Новость на postgress	Новость на postgress Новость на postgress Новость на postgress Новость на postgress Новость на postgress Новость на postgress Новость на postgress Новость на postgress Новость на postgress Новость на postgress Новость на postgress Новость на postgress Новость на postgress Новость на postgress Новость на postgress Новость на postgress Новость на postgress Новость на postgress Новость на postgress Новость на postgress Новость на postgress Новость на postgress	NW	0	1	Новость на postgress Новость на postgress Новость на postgress Новость на postgress Новость на postgress Новость на postgress Новость на postgress Новость на postgress Новость на postgress Новость на postgress Новость на postgress Новость на postgress Новость на postgress Новость на postgress Новость на postgress Новость на postgress Новость на postgress Новость на postgress Новость на postgress Новость на postgress Новость на postgress Новость на postgress	\N	Новость на postgress	\N
2	2023-01-26 22:45:52.140733+03	Новость на postgress	Новость на postgress Новость на postgress Новость на postgress Новость на postgress Новость на postgress Новость на postgress Новость на postgress Новость на postgress Новость на postgress Новость на postgress Новость на postgress Новость на postgress Новость на postgress Новость на postgress Новость на postgress Новость на postgress Новость на postgress Новость на postgress Новость на postgress Новость на postgress Новость на postgress Новость на postgress	NW	0	1	Новость на postgress Новость на postgress Новость на postgress Новость на postgress Новость на postgress Новость на postgress Новость на postgress Новость на postgress Новость на postgress Новость на postgress Новость на postgress Новость на postgress Новость на postgress Новость на postgress Новость на postgress Новость на postgress Новость на postgress Новость на postgress Новость на postgress Новость на postgress Новость на postgress Новость на postgress	\N	Новость на postgress	\N
4	2023-01-26 22:54:31.658248+03	Article2 on postgress	Article on postgress Article on postgress Article on postgress Article on postgress Article on postgress Article on postgress Article on postgress Article on postgress Article on postgress Article on postgress Article on postgress Article on postgress Article on postgress Article on postgress Article on postgress Article on postgress Article on postgress Article on postgress Article on postgress Article on postgress Article on postgress Article on postgress Article on postgress Article on postgress Article on postgress	AR	0	1	Article on postgress Article on postgress Article on postgress Article on postgress Article on postgress Article on postgress Article on postgress Article on postgress Article on postgress Article on postgress Article on postgress Article on postgress Article on postgress Article on postgress Article on postgress Article on postgress Article on postgress Article on postgress Article on postgress Article on postgress Article on postgress Article on postgress Article on postgress Article on postgress Article on postgress	Статья на postgress  Статья на postgress  Статья на postgress  Статья на postgress  Статья на postgress  Статья на postgress  Статья на postgress  Статья на postgress  Статья на postgress  Статья на postgress  Статья на postgress  Статья на postgress  Статья на postgress  Статья на postgress  Статья на postgress  Статья на postgress  Статья на postgress  Статья на postgress  Статья на postgress  Статья на postgress  Статья на postgress  Статья на postgress  Статья на postgress  Статья на postgress  Статья на postgress	Article2 on postgress	Статья2 на postgress
6	2023-01-27 00:08:38.974356+03	Новость экономики	Новость экономики Новость экономики Новость экономики Новость экономики Новость экономики Новость экономики Новость экономики Новость экономики Новость экономики Новость экономики Новость экономики Новость экономики Новость экономики Новость экономики Новость экономики Новость экономики Новость экономики Новость экономики Новость экономики Новость экономики Новость экономики Новость экономики Новость экономики Новоwсть экономики Новость экономики Новость экономики	NW	0	1	Economic news Economic news Economic news Economic news Economic news Economic news Economic news Economic news Economic news Economic news Economic news Economic news Economic news Economic news Economic news Economic news Economic news Economic news Economic news Economic news Economic news Economic news Economic news Economic news Economic news Economic news Economic news Economy news	Новость экономики Новость экономики Новость экономики Новость экономики Новость экономики Новость экономики Новость экономики Новость экономики Новость экономики Новость экономики Новость экономики Новость экономики Новость экономики Новость экономики Новость экономики Новость экономики Новость экономики Новость экономики Новость экономики Новость экономики Новость экономики Новость экономики Новость экономики Новоwсть экономики Новость экономики Новость экономики	Economy news	Новость экономики
7	2023-01-27 00:13:46.573161+03	Статья3 на postgress	Статья 3 о постгрессе Статья 3 о постгрессе Статья 3 о постгрессе Статья 3 о постгрессе Статья 3 о постгрессе Статья 3 о постгрессе Статья 3 о постгрессе Статья 3 о постгрессе Статья 3 о постгрессе Статья 3 о постгрессе Статья 3 о постгрессе Статья 3 о постгрессе Статья 3 о постгресertсе Статья 3 о постгрессе Статья 3 о постгрессе Статья 3 о постгрессе 3 о постгрессе Статья 3 о постгрессе Статья 3 о постгрессе Статья 3 о постгрессе м1	AR	0	1	Article3 on postgress Article3 on postgress Article3 on postgress Article3 on postgress Article3 on postgress Article3 on postgress Article3 on postgress Article3 on postgress Article3 on postgress Article3 on postgress Article3 on postgress Article3 on postgress Article3 on postgress Article3 on postgress Article3 on postgress Article3 on postgress Article3 on postgress Article3 on postgress Article3 on postgress Article3 on postgress m	Статья 3 о постгрессе Статья 3 о постгрессе Статья 3 о постгрессе Статья 3 о постгрессе Статья 3 о постгрессе Статья 3 о постгрессе Статья 3 о постгрессе Статья 3 о постгрессе Статья 3 о постгрессе Статья 3 о постгрессе Статья 3 о постгрессе Статья 3 о постгрессе Статья 3 о постгресertсе Статья 3 о постгрессе Статья 3 о постгрессе Статья 3 о постгрессе 3 о постгрессе Статья 3 о постгрессе Статья 3 о постгрессе Статья 3 о постгрессе м1	Article3 on postgress	Статья3 на postgress
3	2023-01-26 22:46:42.828809+03	Статья на postgress	Статья на postgress  Статья на postgress  Статья на postgress  Статья на postgress  Статья на postgress  Статья на postgress  Статья на postgress  Статья на postgress  Статья на postgress  Статья на postgress  Статья на postgress  Статья на postgress  Статья на postgress  Статья на postgress  Статья на postgress  Статья на postgress  Статья на postgress  Статья на postgress  Статья на postgress  Статья на postgress  Статья на postgress  Статья на postgress  Статья на postgress  Статья на postgress  Статья на postgress	AR	0	1	Article on postgress Article on postgress Article on postgress Article on postgress Article on postgress Article on postgress Article on postgress Article on postgress Article on postgress Article on postgress Article on postgress Article on postgress Article on postgress Article on postgress Article on postgress Article on postgress Article on postgress Article on postgress Article on postgress Article on postgress Article on postgress Article on postgress Article on postgress Article on postgress Article on postgress	Статья на postgress  Статья на postgress  Статья на postgress  Статья на postgress  Статья на postgress  Статья на postgress  Статья на postgress  Статья на postgress  Статья на postgress  Статья на postgress  Статья на postgress  Статья на postgress  Статья на postgress  Статья на postgress  Статья на postgress  Статья на postgress  Статья на postgress  Статья на postgress  Статья на postgress  Статья на postgress  Статья на postgress  Статья на postgress  Статья на postgress  Статья на postgress  Статья на postgress	Article on postgress	Статья на postgress
9	2023-02-02 04:46:50.306376+03	Новость  Киншаса 2	Новость  Киншаса 2 Новость  Киншаса 2 Новость  Киншаса 2 Новость  Киншаса 2 Новость  Киншаса 2 Новость  Киншаса 2 Новость  Киншаса 2 Новость  Киншаса 2 Новость  Киншаса 2 Новость  Киншаса 2 Новость  Киншаса 2 Новость  Киншаса 2 Новость  Киншаса 2 Новость  Киншаса 2 Новость  Киншаса 2 Новость  Киншаса 2 Новость  Киншаса 2 Новость  Киншаса 2 Новость  Киншаса 2 Новость  Киншаса 2 Новость  Киншаса 2 Новость  Киншаса 2 Новость  Киншаса 2 Новость  Киншаса 2 Новость  Киншаса 2	NW	0	1	Kinshasa news 2 Kinshasa news 2 Kinshasa news 2 Kinshasa news 2 Kinshasa news 2 Kinshasa news 2 Kinshasa news 2 Kinshasa news 2 Kinshasa news 2 Kinshasa news 2 Kinshasa news 2 Kinshasa news 2 Kinshasa news 2 Kinshasa news 2 Kinshasa news 2 Kinshasa news 2 Kinshasa news 2 Kinshasa news 2 Kinshasa news 2 Kinshasa news 2 Kinshasa news 2 Kinshasa news 2 Kinshasa news 2 Kinshasa news 2 Kinshasa news 2 Kinshasa news 2 Kinshasa news 2 Kinshasa news 2 Kinshasa news 2 Kinshasa news 2 Kinshasa news 2 Kinshasa news 2 Kinshasa news 2	Новость  Киншаса 2 Новость  Киншаса 2 Новость  Киншаса 2 Новость  Киншаса 2 Новость  Киншаса 2 Новость  Киншаса 2 Новость  Киншаса 2 Новость  Киншаса 2 Новость  Киншаса 2 Новость  Киншаса 2 Новость  Киншаса 2 Новость  Киншаса 2 Новость  Киншаса 2 Новость  Киншаса 2 Новость  Киншаса 2 Новость  Киншаса 2 Новость  Киншаса 2 Новость  Киншаса 2 Новость  Киншаса 2 Новость  Киншаса 2 Новость  Киншаса 2 Новость  Киншаса 2 Новость  Киншаса 2 Новость  Киншаса 2 Новость  Киншаса 2	Kinshasa news 2	Новость  Киншаса 2
8	2023-02-02 04:46:28.338295+03	Новость  Киншаса	Новость  Киншаса Новость  Киншаса Новость  Киншаса Новость  Киншаса Новость  Киншаса Новость  Киншаса Новость  Киншаса Новость  Киншаса Новость  Киншаса Новость  Киншаса Новость  Киншаса Новость  Киншаса Новость  Киншаса Новость  Киншаса Новость  Киншаса Новость  Киншаса Новость  Киншаса Новость  Киншаса Новость  Киншаса Новость  Киншаса Новость  Киншаса Новость  Киншаса Новость  Киншаса Новость  Киншаса Новость  Киншаса Новость  Киншаса Новость  Киншаса Новость  Киншаса Новость  Киншаса Новость  Киншаса Новость  Киншаса м	NW	0	1	Kinshasa news Kinshasa news Kinshasa news Kinshasa news Kinshasa news Kinshasa newsKinshasa news Kinshasa news Kinshasa news Kinshasa news Kinshasa news Kinshasa newsKinshasa news Kinshasa news Kinshasa news Kinshasa news Kinshasa news Kinshasa newsKinshasa news Kinshasa news Kinshasa news Kinshasa news Kinshasa news Kinshasa newsKinshasa news Kinshasa news Kinshasa news Kinshasa news Kinshasa news Kinshasa newsKinshasa news Kinshasa news Kinshasa news Kinshasa news Kinshasa news Kinshasa news	Новость  Киншаса Новость  Киншаса Новость  Киншаса Новость  Киншаса Новость  Киншаса Новость  Киншаса Новость  Киншаса Новость  Киншаса Новость  Киншаса Новость  Киншаса Новость  Киншаса Новость  Киншаса Новость  Киншаса Новость  Киншаса Новость  Киншаса Новость  Киншаса Новость  Киншаса Новость  Киншаса Новость  Киншаса Новость  Киншаса Новость  Киншаса Новость  Киншаса Новость  Киншаса Новость  Киншаса Новость  Киншаса Новость  Киншаса Новость  Киншаса Новость  Киншаса Новость  Киншаса Новость  Киншаса Новость  Киншаса м	Kinshasa news	Новость  Киншаса
10	2023-02-02 04:47:12.172344+03	Статья  Киншаса	Статья  Киншаса Статья  Киншаса Статья  Киншаса Статья  Киншаса Статья  Киншаса Статья  Киншаса Статья  Киншаса Статья  Киншаса Статья  Киншаса Статья  Киншаса Статья  Киншаса Статья  Киншаса Статья  Киншаса Статья  Киншаса Статья  Киншаса Статья  Киншаса Статья  Киншаса Статья  Киншаса Статья  Киншаса Статья  Киншаса Статья  Киншаса Статья  Киншаса Статья  Киншаса Статья  Киншаса Статья  Киншаса Статья  Киншаса Статья  Киншаса	AR	0	1	Article Kinshasa Article Kinshasa Article Kinshasa Article Kinshasa Article Kinshasa Article Kinshasa Article Kinshasa Article Kinshasa Article Kinshasa Article Kinshasa Article Kinshasa Article Kinshasa Article Kinshasa Article Kinshasa Article Kinshasa Article Kinshasa Article Kinshasa Article Kinshasa Article Kinshasa Article Kinshasa Article Kinshasa Article Kinshasa Article Kinshasa Article Kinshasa	Статья  Киншаса Статья  Киншаса Статья  Киншаса Статья  Киншаса Статья  Киншаса Статья  Киншаса Статья  Киншаса Статья  Киншаса Статья  Киншаса Статья  Киншаса Статья  Киншаса Статья  Киншаса Статья  Киншаса Статья  Киншаса Статья  Киншаса Статья  Киншаса Статья  Киншаса Статья  Киншаса Статья  Киншаса Статья  Киншаса Статья  Киншаса Статья  Киншаса Статья  Киншаса Статья  Киншаса Статья  Киншаса Статья  Киншаса Статья  Киншаса	Article Kinshasa	Статья  Киншаса
\.


--
-- Data for Name: news_newscategories; Type: TABLE DATA; Schema: public; Owner: news_user
--

COPY public.news_newscategories (id, cat_key_id, new_key_id) FROM stdin;
6	1	6
7	1	7
8	4	3
9	4	8
10	3	9
11	3	10
\.


--
-- Data for Name: socialaccount_socialaccount; Type: TABLE DATA; Schema: public; Owner: news_user
--

COPY public.socialaccount_socialaccount (id, provider, uid, last_login, date_joined, extra_data, user_id) FROM stdin;
\.


--
-- Data for Name: socialaccount_socialapp; Type: TABLE DATA; Schema: public; Owner: news_user
--

COPY public.socialaccount_socialapp (id, provider, name, client_id, secret, key) FROM stdin;
\.


--
-- Data for Name: socialaccount_socialapp_sites; Type: TABLE DATA; Schema: public; Owner: news_user
--

COPY public.socialaccount_socialapp_sites (id, socialapp_id, site_id) FROM stdin;
\.


--
-- Data for Name: socialaccount_socialtoken; Type: TABLE DATA; Schema: public; Owner: news_user
--

COPY public.socialaccount_socialtoken (id, token, token_secret, expires_at, account_id, app_id) FROM stdin;
\.


--
-- Name: account_emailaddress_id_seq; Type: SEQUENCE SET; Schema: public; Owner: news_user
--

SELECT pg_catalog.setval('public.account_emailaddress_id_seq', 1, false);


--
-- Name: account_emailconfirmation_id_seq; Type: SEQUENCE SET; Schema: public; Owner: news_user
--

SELECT pg_catalog.setval('public.account_emailconfirmation_id_seq', 1, false);


--
-- Name: auth_group_id_seq; Type: SEQUENCE SET; Schema: public; Owner: news_user
--

SELECT pg_catalog.setval('public.auth_group_id_seq', 1, true);


--
-- Name: auth_group_permissions_id_seq; Type: SEQUENCE SET; Schema: public; Owner: news_user
--

SELECT pg_catalog.setval('public.auth_group_permissions_id_seq', 20, true);


--
-- Name: auth_permission_id_seq; Type: SEQUENCE SET; Schema: public; Owner: news_user
--

SELECT pg_catalog.setval('public.auth_permission_id_seq', 80, true);


--
-- Name: auth_user_groups_id_seq; Type: SEQUENCE SET; Schema: public; Owner: news_user
--

SELECT pg_catalog.setval('public.auth_user_groups_id_seq', 1, true);


--
-- Name: auth_user_id_seq; Type: SEQUENCE SET; Schema: public; Owner: news_user
--

SELECT pg_catalog.setval('public.auth_user_id_seq', 1, true);


--
-- Name: auth_user_user_permissions_id_seq; Type: SEQUENCE SET; Schema: public; Owner: news_user
--

SELECT pg_catalog.setval('public.auth_user_user_permissions_id_seq', 1, false);


--
-- Name: django_admin_log_id_seq; Type: SEQUENCE SET; Schema: public; Owner: news_user
--

SELECT pg_catalog.setval('public.django_admin_log_id_seq', 21, true);


--
-- Name: django_apscheduler_djangojobexecution_id_seq; Type: SEQUENCE SET; Schema: public; Owner: news_user
--

SELECT pg_catalog.setval('public.django_apscheduler_djangojobexecution_id_seq', 1, false);


--
-- Name: django_content_type_id_seq; Type: SEQUENCE SET; Schema: public; Owner: news_user
--

SELECT pg_catalog.setval('public.django_content_type_id_seq', 20, true);


--
-- Name: django_flatpage_id_seq; Type: SEQUENCE SET; Schema: public; Owner: news_user
--

SELECT pg_catalog.setval('public.django_flatpage_id_seq', 5, true);


--
-- Name: django_flatpage_sites_id_seq; Type: SEQUENCE SET; Schema: public; Owner: news_user
--

SELECT pg_catalog.setval('public.django_flatpage_sites_id_seq', 5, true);


--
-- Name: django_migrations_id_seq; Type: SEQUENCE SET; Schema: public; Owner: news_user
--

SELECT pg_catalog.setval('public.django_migrations_id_seq', 38, true);


--
-- Name: django_site_id_seq; Type: SEQUENCE SET; Schema: public; Owner: news_user
--

SELECT pg_catalog.setval('public.django_site_id_seq', 1, true);


--
-- Name: news_author_id_seq; Type: SEQUENCE SET; Schema: public; Owner: news_user
--

SELECT pg_catalog.setval('public.news_author_id_seq', 1, true);


--
-- Name: news_categories_id_seq; Type: SEQUENCE SET; Schema: public; Owner: news_user
--

SELECT pg_catalog.setval('public.news_categories_id_seq', 4, true);


--
-- Name: news_categories_subscribes_id_seq; Type: SEQUENCE SET; Schema: public; Owner: news_user
--

SELECT pg_catalog.setval('public.news_categories_subscribes_id_seq', 4, true);


--
-- Name: news_comment_id_seq; Type: SEQUENCE SET; Schema: public; Owner: news_user
--

SELECT pg_catalog.setval('public.news_comment_id_seq', 1, false);


--
-- Name: news_news_id_seq; Type: SEQUENCE SET; Schema: public; Owner: news_user
--

SELECT pg_catalog.setval('public.news_news_id_seq', 10, true);


--
-- Name: news_newscategories_id_seq; Type: SEQUENCE SET; Schema: public; Owner: news_user
--

SELECT pg_catalog.setval('public.news_newscategories_id_seq', 11, true);


--
-- Name: socialaccount_socialaccount_id_seq; Type: SEQUENCE SET; Schema: public; Owner: news_user
--

SELECT pg_catalog.setval('public.socialaccount_socialaccount_id_seq', 1, false);


--
-- Name: socialaccount_socialapp_id_seq; Type: SEQUENCE SET; Schema: public; Owner: news_user
--

SELECT pg_catalog.setval('public.socialaccount_socialapp_id_seq', 1, false);


--
-- Name: socialaccount_socialapp_sites_id_seq; Type: SEQUENCE SET; Schema: public; Owner: news_user
--

SELECT pg_catalog.setval('public.socialaccount_socialapp_sites_id_seq', 1, false);


--
-- Name: socialaccount_socialtoken_id_seq; Type: SEQUENCE SET; Schema: public; Owner: news_user
--

SELECT pg_catalog.setval('public.socialaccount_socialtoken_id_seq', 1, false);


--
-- Name: account_emailaddress account_emailaddress_email_key; Type: CONSTRAINT; Schema: public; Owner: news_user
--

ALTER TABLE ONLY public.account_emailaddress
    ADD CONSTRAINT account_emailaddress_email_key UNIQUE (email);


--
-- Name: account_emailaddress account_emailaddress_pkey; Type: CONSTRAINT; Schema: public; Owner: news_user
--

ALTER TABLE ONLY public.account_emailaddress
    ADD CONSTRAINT account_emailaddress_pkey PRIMARY KEY (id);


--
-- Name: account_emailconfirmation account_emailconfirmation_key_key; Type: CONSTRAINT; Schema: public; Owner: news_user
--

ALTER TABLE ONLY public.account_emailconfirmation
    ADD CONSTRAINT account_emailconfirmation_key_key UNIQUE (key);


--
-- Name: account_emailconfirmation account_emailconfirmation_pkey; Type: CONSTRAINT; Schema: public; Owner: news_user
--

ALTER TABLE ONLY public.account_emailconfirmation
    ADD CONSTRAINT account_emailconfirmation_pkey PRIMARY KEY (id);


--
-- Name: auth_group auth_group_name_key; Type: CONSTRAINT; Schema: public; Owner: news_user
--

ALTER TABLE ONLY public.auth_group
    ADD CONSTRAINT auth_group_name_key UNIQUE (name);


--
-- Name: auth_group_permissions auth_group_permissions_group_id_permission_id_0cd325b0_uniq; Type: CONSTRAINT; Schema: public; Owner: news_user
--

ALTER TABLE ONLY public.auth_group_permissions
    ADD CONSTRAINT auth_group_permissions_group_id_permission_id_0cd325b0_uniq UNIQUE (group_id, permission_id);


--
-- Name: auth_group_permissions auth_group_permissions_pkey; Type: CONSTRAINT; Schema: public; Owner: news_user
--

ALTER TABLE ONLY public.auth_group_permissions
    ADD CONSTRAINT auth_group_permissions_pkey PRIMARY KEY (id);


--
-- Name: auth_group auth_group_pkey; Type: CONSTRAINT; Schema: public; Owner: news_user
--

ALTER TABLE ONLY public.auth_group
    ADD CONSTRAINT auth_group_pkey PRIMARY KEY (id);


--
-- Name: auth_permission auth_permission_content_type_id_codename_01ab375a_uniq; Type: CONSTRAINT; Schema: public; Owner: news_user
--

ALTER TABLE ONLY public.auth_permission
    ADD CONSTRAINT auth_permission_content_type_id_codename_01ab375a_uniq UNIQUE (content_type_id, codename);


--
-- Name: auth_permission auth_permission_pkey; Type: CONSTRAINT; Schema: public; Owner: news_user
--

ALTER TABLE ONLY public.auth_permission
    ADD CONSTRAINT auth_permission_pkey PRIMARY KEY (id);


--
-- Name: auth_user_groups auth_user_groups_pkey; Type: CONSTRAINT; Schema: public; Owner: news_user
--

ALTER TABLE ONLY public.auth_user_groups
    ADD CONSTRAINT auth_user_groups_pkey PRIMARY KEY (id);


--
-- Name: auth_user_groups auth_user_groups_user_id_group_id_94350c0c_uniq; Type: CONSTRAINT; Schema: public; Owner: news_user
--

ALTER TABLE ONLY public.auth_user_groups
    ADD CONSTRAINT auth_user_groups_user_id_group_id_94350c0c_uniq UNIQUE (user_id, group_id);


--
-- Name: auth_user auth_user_pkey; Type: CONSTRAINT; Schema: public; Owner: news_user
--

ALTER TABLE ONLY public.auth_user
    ADD CONSTRAINT auth_user_pkey PRIMARY KEY (id);


--
-- Name: auth_user_user_permissions auth_user_user_permissions_pkey; Type: CONSTRAINT; Schema: public; Owner: news_user
--

ALTER TABLE ONLY public.auth_user_user_permissions
    ADD CONSTRAINT auth_user_user_permissions_pkey PRIMARY KEY (id);


--
-- Name: auth_user_user_permissions auth_user_user_permissions_user_id_permission_id_14a6b632_uniq; Type: CONSTRAINT; Schema: public; Owner: news_user
--

ALTER TABLE ONLY public.auth_user_user_permissions
    ADD CONSTRAINT auth_user_user_permissions_user_id_permission_id_14a6b632_uniq UNIQUE (user_id, permission_id);


--
-- Name: auth_user auth_user_username_key; Type: CONSTRAINT; Schema: public; Owner: news_user
--

ALTER TABLE ONLY public.auth_user
    ADD CONSTRAINT auth_user_username_key UNIQUE (username);


--
-- Name: django_admin_log django_admin_log_pkey; Type: CONSTRAINT; Schema: public; Owner: news_user
--

ALTER TABLE ONLY public.django_admin_log
    ADD CONSTRAINT django_admin_log_pkey PRIMARY KEY (id);


--
-- Name: django_apscheduler_djangojob django_apscheduler_djangojob_pkey; Type: CONSTRAINT; Schema: public; Owner: news_user
--

ALTER TABLE ONLY public.django_apscheduler_djangojob
    ADD CONSTRAINT django_apscheduler_djangojob_pkey PRIMARY KEY (id);


--
-- Name: django_apscheduler_djangojobexecution django_apscheduler_djangojobexecution_pkey; Type: CONSTRAINT; Schema: public; Owner: news_user
--

ALTER TABLE ONLY public.django_apscheduler_djangojobexecution
    ADD CONSTRAINT django_apscheduler_djangojobexecution_pkey PRIMARY KEY (id);


--
-- Name: django_content_type django_content_type_app_label_model_76bd3d3b_uniq; Type: CONSTRAINT; Schema: public; Owner: news_user
--

ALTER TABLE ONLY public.django_content_type
    ADD CONSTRAINT django_content_type_app_label_model_76bd3d3b_uniq UNIQUE (app_label, model);


--
-- Name: django_content_type django_content_type_pkey; Type: CONSTRAINT; Schema: public; Owner: news_user
--

ALTER TABLE ONLY public.django_content_type
    ADD CONSTRAINT django_content_type_pkey PRIMARY KEY (id);


--
-- Name: django_flatpage django_flatpage_pkey; Type: CONSTRAINT; Schema: public; Owner: news_user
--

ALTER TABLE ONLY public.django_flatpage
    ADD CONSTRAINT django_flatpage_pkey PRIMARY KEY (id);


--
-- Name: django_flatpage_sites django_flatpage_sites_flatpage_id_site_id_0d29d9d1_uniq; Type: CONSTRAINT; Schema: public; Owner: news_user
--

ALTER TABLE ONLY public.django_flatpage_sites
    ADD CONSTRAINT django_flatpage_sites_flatpage_id_site_id_0d29d9d1_uniq UNIQUE (flatpage_id, site_id);


--
-- Name: django_flatpage_sites django_flatpage_sites_pkey; Type: CONSTRAINT; Schema: public; Owner: news_user
--

ALTER TABLE ONLY public.django_flatpage_sites
    ADD CONSTRAINT django_flatpage_sites_pkey PRIMARY KEY (id);


--
-- Name: django_migrations django_migrations_pkey; Type: CONSTRAINT; Schema: public; Owner: news_user
--

ALTER TABLE ONLY public.django_migrations
    ADD CONSTRAINT django_migrations_pkey PRIMARY KEY (id);


--
-- Name: django_session django_session_pkey; Type: CONSTRAINT; Schema: public; Owner: news_user
--

ALTER TABLE ONLY public.django_session
    ADD CONSTRAINT django_session_pkey PRIMARY KEY (session_key);


--
-- Name: django_site django_site_domain_a2e37b91_uniq; Type: CONSTRAINT; Schema: public; Owner: news_user
--

ALTER TABLE ONLY public.django_site
    ADD CONSTRAINT django_site_domain_a2e37b91_uniq UNIQUE (domain);


--
-- Name: django_site django_site_pkey; Type: CONSTRAINT; Schema: public; Owner: news_user
--

ALTER TABLE ONLY public.django_site
    ADD CONSTRAINT django_site_pkey PRIMARY KEY (id);


--
-- Name: news_author news_author_pkey; Type: CONSTRAINT; Schema: public; Owner: news_user
--

ALTER TABLE ONLY public.news_author
    ADD CONSTRAINT news_author_pkey PRIMARY KEY (id);


--
-- Name: news_author news_author_user_id_key; Type: CONSTRAINT; Schema: public; Owner: news_user
--

ALTER TABLE ONLY public.news_author
    ADD CONSTRAINT news_author_user_id_key UNIQUE (user_id);


--
-- Name: news_categories news_categories_pkey; Type: CONSTRAINT; Schema: public; Owner: news_user
--

ALTER TABLE ONLY public.news_categories
    ADD CONSTRAINT news_categories_pkey PRIMARY KEY (id);


--
-- Name: news_categories_subscribes news_categories_subscribes_categories_id_user_id_f19de6bb_uniq; Type: CONSTRAINT; Schema: public; Owner: news_user
--

ALTER TABLE ONLY public.news_categories_subscribes
    ADD CONSTRAINT news_categories_subscribes_categories_id_user_id_f19de6bb_uniq UNIQUE (categories_id, user_id);


--
-- Name: news_categories_subscribes news_categories_subscribes_pkey; Type: CONSTRAINT; Schema: public; Owner: news_user
--

ALTER TABLE ONLY public.news_categories_subscribes
    ADD CONSTRAINT news_categories_subscribes_pkey PRIMARY KEY (id);


--
-- Name: news_categories news_categories_title_en_us_key; Type: CONSTRAINT; Schema: public; Owner: news_user
--

ALTER TABLE ONLY public.news_categories
    ADD CONSTRAINT news_categories_title_en_us_key UNIQUE (title_en_us);


--
-- Name: news_categories news_categories_title_key; Type: CONSTRAINT; Schema: public; Owner: news_user
--

ALTER TABLE ONLY public.news_categories
    ADD CONSTRAINT news_categories_title_key UNIQUE (title);


--
-- Name: news_categories news_categories_title_ru_key; Type: CONSTRAINT; Schema: public; Owner: news_user
--

ALTER TABLE ONLY public.news_categories
    ADD CONSTRAINT news_categories_title_ru_key UNIQUE (title_ru);


--
-- Name: news_comment news_comment_pkey; Type: CONSTRAINT; Schema: public; Owner: news_user
--

ALTER TABLE ONLY public.news_comment
    ADD CONSTRAINT news_comment_pkey PRIMARY KEY (id);


--
-- Name: news_news news_news_pkey; Type: CONSTRAINT; Schema: public; Owner: news_user
--

ALTER TABLE ONLY public.news_news
    ADD CONSTRAINT news_news_pkey PRIMARY KEY (id);


--
-- Name: news_newscategories news_newscategories_pkey; Type: CONSTRAINT; Schema: public; Owner: news_user
--

ALTER TABLE ONLY public.news_newscategories
    ADD CONSTRAINT news_newscategories_pkey PRIMARY KEY (id);


--
-- Name: socialaccount_socialaccount socialaccount_socialaccount_pkey; Type: CONSTRAINT; Schema: public; Owner: news_user
--

ALTER TABLE ONLY public.socialaccount_socialaccount
    ADD CONSTRAINT socialaccount_socialaccount_pkey PRIMARY KEY (id);


--
-- Name: socialaccount_socialaccount socialaccount_socialaccount_provider_uid_fc810c6e_uniq; Type: CONSTRAINT; Schema: public; Owner: news_user
--

ALTER TABLE ONLY public.socialaccount_socialaccount
    ADD CONSTRAINT socialaccount_socialaccount_provider_uid_fc810c6e_uniq UNIQUE (provider, uid);


--
-- Name: socialaccount_socialapp_sites socialaccount_socialapp__socialapp_id_site_id_71a9a768_uniq; Type: CONSTRAINT; Schema: public; Owner: news_user
--

ALTER TABLE ONLY public.socialaccount_socialapp_sites
    ADD CONSTRAINT socialaccount_socialapp__socialapp_id_site_id_71a9a768_uniq UNIQUE (socialapp_id, site_id);


--
-- Name: socialaccount_socialapp socialaccount_socialapp_pkey; Type: CONSTRAINT; Schema: public; Owner: news_user
--

ALTER TABLE ONLY public.socialaccount_socialapp
    ADD CONSTRAINT socialaccount_socialapp_pkey PRIMARY KEY (id);


--
-- Name: socialaccount_socialapp_sites socialaccount_socialapp_sites_pkey; Type: CONSTRAINT; Schema: public; Owner: news_user
--

ALTER TABLE ONLY public.socialaccount_socialapp_sites
    ADD CONSTRAINT socialaccount_socialapp_sites_pkey PRIMARY KEY (id);


--
-- Name: socialaccount_socialtoken socialaccount_socialtoken_app_id_account_id_fca4e0ac_uniq; Type: CONSTRAINT; Schema: public; Owner: news_user
--

ALTER TABLE ONLY public.socialaccount_socialtoken
    ADD CONSTRAINT socialaccount_socialtoken_app_id_account_id_fca4e0ac_uniq UNIQUE (app_id, account_id);


--
-- Name: socialaccount_socialtoken socialaccount_socialtoken_pkey; Type: CONSTRAINT; Schema: public; Owner: news_user
--

ALTER TABLE ONLY public.socialaccount_socialtoken
    ADD CONSTRAINT socialaccount_socialtoken_pkey PRIMARY KEY (id);


--
-- Name: django_apscheduler_djangojobexecution unique_job_executions; Type: CONSTRAINT; Schema: public; Owner: news_user
--

ALTER TABLE ONLY public.django_apscheduler_djangojobexecution
    ADD CONSTRAINT unique_job_executions UNIQUE (job_id, run_time);


--
-- Name: account_emailaddress_email_03be32b2_like; Type: INDEX; Schema: public; Owner: news_user
--

CREATE INDEX account_emailaddress_email_03be32b2_like ON public.account_emailaddress USING btree (email varchar_pattern_ops);


--
-- Name: account_emailaddress_user_id_2c513194; Type: INDEX; Schema: public; Owner: news_user
--

CREATE INDEX account_emailaddress_user_id_2c513194 ON public.account_emailaddress USING btree (user_id);


--
-- Name: account_emailconfirmation_email_address_id_5b7f8c58; Type: INDEX; Schema: public; Owner: news_user
--

CREATE INDEX account_emailconfirmation_email_address_id_5b7f8c58 ON public.account_emailconfirmation USING btree (email_address_id);


--
-- Name: account_emailconfirmation_key_f43612bd_like; Type: INDEX; Schema: public; Owner: news_user
--

CREATE INDEX account_emailconfirmation_key_f43612bd_like ON public.account_emailconfirmation USING btree (key varchar_pattern_ops);


--
-- Name: auth_group_name_a6ea08ec_like; Type: INDEX; Schema: public; Owner: news_user
--

CREATE INDEX auth_group_name_a6ea08ec_like ON public.auth_group USING btree (name varchar_pattern_ops);


--
-- Name: auth_group_permissions_group_id_b120cbf9; Type: INDEX; Schema: public; Owner: news_user
--

CREATE INDEX auth_group_permissions_group_id_b120cbf9 ON public.auth_group_permissions USING btree (group_id);


--
-- Name: auth_group_permissions_permission_id_84c5c92e; Type: INDEX; Schema: public; Owner: news_user
--

CREATE INDEX auth_group_permissions_permission_id_84c5c92e ON public.auth_group_permissions USING btree (permission_id);


--
-- Name: auth_permission_content_type_id_2f476e4b; Type: INDEX; Schema: public; Owner: news_user
--

CREATE INDEX auth_permission_content_type_id_2f476e4b ON public.auth_permission USING btree (content_type_id);


--
-- Name: auth_user_groups_group_id_97559544; Type: INDEX; Schema: public; Owner: news_user
--

CREATE INDEX auth_user_groups_group_id_97559544 ON public.auth_user_groups USING btree (group_id);


--
-- Name: auth_user_groups_user_id_6a12ed8b; Type: INDEX; Schema: public; Owner: news_user
--

CREATE INDEX auth_user_groups_user_id_6a12ed8b ON public.auth_user_groups USING btree (user_id);


--
-- Name: auth_user_user_permissions_permission_id_1fbb5f2c; Type: INDEX; Schema: public; Owner: news_user
--

CREATE INDEX auth_user_user_permissions_permission_id_1fbb5f2c ON public.auth_user_user_permissions USING btree (permission_id);


--
-- Name: auth_user_user_permissions_user_id_a95ead1b; Type: INDEX; Schema: public; Owner: news_user
--

CREATE INDEX auth_user_user_permissions_user_id_a95ead1b ON public.auth_user_user_permissions USING btree (user_id);


--
-- Name: auth_user_username_6821ab7c_like; Type: INDEX; Schema: public; Owner: news_user
--

CREATE INDEX auth_user_username_6821ab7c_like ON public.auth_user USING btree (username varchar_pattern_ops);


--
-- Name: django_admin_log_content_type_id_c4bce8eb; Type: INDEX; Schema: public; Owner: news_user
--

CREATE INDEX django_admin_log_content_type_id_c4bce8eb ON public.django_admin_log USING btree (content_type_id);


--
-- Name: django_admin_log_user_id_c564eba6; Type: INDEX; Schema: public; Owner: news_user
--

CREATE INDEX django_admin_log_user_id_c564eba6 ON public.django_admin_log USING btree (user_id);


--
-- Name: django_apscheduler_djangojob_next_run_time_2f022619; Type: INDEX; Schema: public; Owner: news_user
--

CREATE INDEX django_apscheduler_djangojob_next_run_time_2f022619 ON public.django_apscheduler_djangojob USING btree (next_run_time);


--
-- Name: django_apscheduler_djangojobexecution_job_id_daf5090a; Type: INDEX; Schema: public; Owner: news_user
--

CREATE INDEX django_apscheduler_djangojobexecution_job_id_daf5090a ON public.django_apscheduler_djangojobexecution USING btree (job_id);


--
-- Name: django_apscheduler_djangojobexecution_run_time_16edd96b; Type: INDEX; Schema: public; Owner: news_user
--

CREATE INDEX django_apscheduler_djangojobexecution_run_time_16edd96b ON public.django_apscheduler_djangojobexecution USING btree (run_time);


--
-- Name: django_flatpage_sites_flatpage_id_078bbc8b; Type: INDEX; Schema: public; Owner: news_user
--

CREATE INDEX django_flatpage_sites_flatpage_id_078bbc8b ON public.django_flatpage_sites USING btree (flatpage_id);


--
-- Name: django_flatpage_sites_site_id_bfd8ea84; Type: INDEX; Schema: public; Owner: news_user
--

CREATE INDEX django_flatpage_sites_site_id_bfd8ea84 ON public.django_flatpage_sites USING btree (site_id);


--
-- Name: django_flatpage_url_41612362; Type: INDEX; Schema: public; Owner: news_user
--

CREATE INDEX django_flatpage_url_41612362 ON public.django_flatpage USING btree (url);


--
-- Name: django_flatpage_url_41612362_like; Type: INDEX; Schema: public; Owner: news_user
--

CREATE INDEX django_flatpage_url_41612362_like ON public.django_flatpage USING btree (url varchar_pattern_ops);


--
-- Name: django_session_expire_date_a5c62663; Type: INDEX; Schema: public; Owner: news_user
--

CREATE INDEX django_session_expire_date_a5c62663 ON public.django_session USING btree (expire_date);


--
-- Name: django_session_session_key_c0390e0f_like; Type: INDEX; Schema: public; Owner: news_user
--

CREATE INDEX django_session_session_key_c0390e0f_like ON public.django_session USING btree (session_key varchar_pattern_ops);


--
-- Name: django_site_domain_a2e37b91_like; Type: INDEX; Schema: public; Owner: news_user
--

CREATE INDEX django_site_domain_a2e37b91_like ON public.django_site USING btree (domain varchar_pattern_ops);


--
-- Name: news_categories_subscribes_categories_id_da6dd7b3; Type: INDEX; Schema: public; Owner: news_user
--

CREATE INDEX news_categories_subscribes_categories_id_da6dd7b3 ON public.news_categories_subscribes USING btree (categories_id);


--
-- Name: news_categories_subscribes_user_id_68fb3e65; Type: INDEX; Schema: public; Owner: news_user
--

CREATE INDEX news_categories_subscribes_user_id_68fb3e65 ON public.news_categories_subscribes USING btree (user_id);


--
-- Name: news_categories_title_707b60bd_like; Type: INDEX; Schema: public; Owner: news_user
--

CREATE INDEX news_categories_title_707b60bd_like ON public.news_categories USING btree (title varchar_pattern_ops);


--
-- Name: news_categories_title_en_us_d615d00b_like; Type: INDEX; Schema: public; Owner: news_user
--

CREATE INDEX news_categories_title_en_us_d615d00b_like ON public.news_categories USING btree (title_en_us varchar_pattern_ops);


--
-- Name: news_categories_title_ru_b37f1470_like; Type: INDEX; Schema: public; Owner: news_user
--

CREATE INDEX news_categories_title_ru_b37f1470_like ON public.news_categories USING btree (title_ru varchar_pattern_ops);


--
-- Name: news_comment_news_id_18ce08a8; Type: INDEX; Schema: public; Owner: news_user
--

CREATE INDEX news_comment_news_id_18ce08a8 ON public.news_comment USING btree (news_id);


--
-- Name: news_comment_user_id_ed6ce0db; Type: INDEX; Schema: public; Owner: news_user
--

CREATE INDEX news_comment_user_id_ed6ce0db ON public.news_comment USING btree (user_id);


--
-- Name: news_news_author_id_9f88be71; Type: INDEX; Schema: public; Owner: news_user
--

CREATE INDEX news_news_author_id_9f88be71 ON public.news_news USING btree (author_id);


--
-- Name: news_newscategories_cat_key_id_6614dcbd; Type: INDEX; Schema: public; Owner: news_user
--

CREATE INDEX news_newscategories_cat_key_id_6614dcbd ON public.news_newscategories USING btree (cat_key_id);


--
-- Name: news_newscategories_new_key_id_09583060; Type: INDEX; Schema: public; Owner: news_user
--

CREATE INDEX news_newscategories_new_key_id_09583060 ON public.news_newscategories USING btree (new_key_id);


--
-- Name: socialaccount_socialaccount_user_id_8146e70c; Type: INDEX; Schema: public; Owner: news_user
--

CREATE INDEX socialaccount_socialaccount_user_id_8146e70c ON public.socialaccount_socialaccount USING btree (user_id);


--
-- Name: socialaccount_socialapp_sites_site_id_2579dee5; Type: INDEX; Schema: public; Owner: news_user
--

CREATE INDEX socialaccount_socialapp_sites_site_id_2579dee5 ON public.socialaccount_socialapp_sites USING btree (site_id);


--
-- Name: socialaccount_socialapp_sites_socialapp_id_97fb6e7d; Type: INDEX; Schema: public; Owner: news_user
--

CREATE INDEX socialaccount_socialapp_sites_socialapp_id_97fb6e7d ON public.socialaccount_socialapp_sites USING btree (socialapp_id);


--
-- Name: socialaccount_socialtoken_account_id_951f210e; Type: INDEX; Schema: public; Owner: news_user
--

CREATE INDEX socialaccount_socialtoken_account_id_951f210e ON public.socialaccount_socialtoken USING btree (account_id);


--
-- Name: socialaccount_socialtoken_app_id_636a42d7; Type: INDEX; Schema: public; Owner: news_user
--

CREATE INDEX socialaccount_socialtoken_app_id_636a42d7 ON public.socialaccount_socialtoken USING btree (app_id);


--
-- Name: account_emailaddress account_emailaddress_user_id_2c513194_fk_auth_user_id; Type: FK CONSTRAINT; Schema: public; Owner: news_user
--

ALTER TABLE ONLY public.account_emailaddress
    ADD CONSTRAINT account_emailaddress_user_id_2c513194_fk_auth_user_id FOREIGN KEY (user_id) REFERENCES public.auth_user(id) DEFERRABLE INITIALLY DEFERRED;


--
-- Name: account_emailconfirmation account_emailconfirm_email_address_id_5b7f8c58_fk_account_e; Type: FK CONSTRAINT; Schema: public; Owner: news_user
--

ALTER TABLE ONLY public.account_emailconfirmation
    ADD CONSTRAINT account_emailconfirm_email_address_id_5b7f8c58_fk_account_e FOREIGN KEY (email_address_id) REFERENCES public.account_emailaddress(id) DEFERRABLE INITIALLY DEFERRED;


--
-- Name: auth_group_permissions auth_group_permissio_permission_id_84c5c92e_fk_auth_perm; Type: FK CONSTRAINT; Schema: public; Owner: news_user
--

ALTER TABLE ONLY public.auth_group_permissions
    ADD CONSTRAINT auth_group_permissio_permission_id_84c5c92e_fk_auth_perm FOREIGN KEY (permission_id) REFERENCES public.auth_permission(id) DEFERRABLE INITIALLY DEFERRED;


--
-- Name: auth_group_permissions auth_group_permissions_group_id_b120cbf9_fk_auth_group_id; Type: FK CONSTRAINT; Schema: public; Owner: news_user
--

ALTER TABLE ONLY public.auth_group_permissions
    ADD CONSTRAINT auth_group_permissions_group_id_b120cbf9_fk_auth_group_id FOREIGN KEY (group_id) REFERENCES public.auth_group(id) DEFERRABLE INITIALLY DEFERRED;


--
-- Name: auth_permission auth_permission_content_type_id_2f476e4b_fk_django_co; Type: FK CONSTRAINT; Schema: public; Owner: news_user
--

ALTER TABLE ONLY public.auth_permission
    ADD CONSTRAINT auth_permission_content_type_id_2f476e4b_fk_django_co FOREIGN KEY (content_type_id) REFERENCES public.django_content_type(id) DEFERRABLE INITIALLY DEFERRED;


--
-- Name: auth_user_groups auth_user_groups_group_id_97559544_fk_auth_group_id; Type: FK CONSTRAINT; Schema: public; Owner: news_user
--

ALTER TABLE ONLY public.auth_user_groups
    ADD CONSTRAINT auth_user_groups_group_id_97559544_fk_auth_group_id FOREIGN KEY (group_id) REFERENCES public.auth_group(id) DEFERRABLE INITIALLY DEFERRED;


--
-- Name: auth_user_groups auth_user_groups_user_id_6a12ed8b_fk_auth_user_id; Type: FK CONSTRAINT; Schema: public; Owner: news_user
--

ALTER TABLE ONLY public.auth_user_groups
    ADD CONSTRAINT auth_user_groups_user_id_6a12ed8b_fk_auth_user_id FOREIGN KEY (user_id) REFERENCES public.auth_user(id) DEFERRABLE INITIALLY DEFERRED;


--
-- Name: auth_user_user_permissions auth_user_user_permi_permission_id_1fbb5f2c_fk_auth_perm; Type: FK CONSTRAINT; Schema: public; Owner: news_user
--

ALTER TABLE ONLY public.auth_user_user_permissions
    ADD CONSTRAINT auth_user_user_permi_permission_id_1fbb5f2c_fk_auth_perm FOREIGN KEY (permission_id) REFERENCES public.auth_permission(id) DEFERRABLE INITIALLY DEFERRED;


--
-- Name: auth_user_user_permissions auth_user_user_permissions_user_id_a95ead1b_fk_auth_user_id; Type: FK CONSTRAINT; Schema: public; Owner: news_user
--

ALTER TABLE ONLY public.auth_user_user_permissions
    ADD CONSTRAINT auth_user_user_permissions_user_id_a95ead1b_fk_auth_user_id FOREIGN KEY (user_id) REFERENCES public.auth_user(id) DEFERRABLE INITIALLY DEFERRED;


--
-- Name: django_admin_log django_admin_log_content_type_id_c4bce8eb_fk_django_co; Type: FK CONSTRAINT; Schema: public; Owner: news_user
--

ALTER TABLE ONLY public.django_admin_log
    ADD CONSTRAINT django_admin_log_content_type_id_c4bce8eb_fk_django_co FOREIGN KEY (content_type_id) REFERENCES public.django_content_type(id) DEFERRABLE INITIALLY DEFERRED;


--
-- Name: django_admin_log django_admin_log_user_id_c564eba6_fk_auth_user_id; Type: FK CONSTRAINT; Schema: public; Owner: news_user
--

ALTER TABLE ONLY public.django_admin_log
    ADD CONSTRAINT django_admin_log_user_id_c564eba6_fk_auth_user_id FOREIGN KEY (user_id) REFERENCES public.auth_user(id) DEFERRABLE INITIALLY DEFERRED;


--
-- Name: django_apscheduler_djangojobexecution django_apscheduler_djangojobexecution_job_id_daf5090a_fk; Type: FK CONSTRAINT; Schema: public; Owner: news_user
--

ALTER TABLE ONLY public.django_apscheduler_djangojobexecution
    ADD CONSTRAINT django_apscheduler_djangojobexecution_job_id_daf5090a_fk FOREIGN KEY (job_id) REFERENCES public.django_apscheduler_djangojob(id) DEFERRABLE INITIALLY DEFERRED;


--
-- Name: django_flatpage_sites django_flatpage_site_flatpage_id_078bbc8b_fk_django_fl; Type: FK CONSTRAINT; Schema: public; Owner: news_user
--

ALTER TABLE ONLY public.django_flatpage_sites
    ADD CONSTRAINT django_flatpage_site_flatpage_id_078bbc8b_fk_django_fl FOREIGN KEY (flatpage_id) REFERENCES public.django_flatpage(id) DEFERRABLE INITIALLY DEFERRED;


--
-- Name: django_flatpage_sites django_flatpage_sites_site_id_bfd8ea84_fk_django_site_id; Type: FK CONSTRAINT; Schema: public; Owner: news_user
--

ALTER TABLE ONLY public.django_flatpage_sites
    ADD CONSTRAINT django_flatpage_sites_site_id_bfd8ea84_fk_django_site_id FOREIGN KEY (site_id) REFERENCES public.django_site(id) DEFERRABLE INITIALLY DEFERRED;


--
-- Name: news_author news_author_user_id_7e2ab8bf_fk_auth_user_id; Type: FK CONSTRAINT; Schema: public; Owner: news_user
--

ALTER TABLE ONLY public.news_author
    ADD CONSTRAINT news_author_user_id_7e2ab8bf_fk_auth_user_id FOREIGN KEY (user_id) REFERENCES public.auth_user(id) DEFERRABLE INITIALLY DEFERRED;


--
-- Name: news_categories_subscribes news_categories_subs_categories_id_da6dd7b3_fk_news_cate; Type: FK CONSTRAINT; Schema: public; Owner: news_user
--

ALTER TABLE ONLY public.news_categories_subscribes
    ADD CONSTRAINT news_categories_subs_categories_id_da6dd7b3_fk_news_cate FOREIGN KEY (categories_id) REFERENCES public.news_categories(id) DEFERRABLE INITIALLY DEFERRED;


--
-- Name: news_categories_subscribes news_categories_subscribes_user_id_68fb3e65_fk_auth_user_id; Type: FK CONSTRAINT; Schema: public; Owner: news_user
--

ALTER TABLE ONLY public.news_categories_subscribes
    ADD CONSTRAINT news_categories_subscribes_user_id_68fb3e65_fk_auth_user_id FOREIGN KEY (user_id) REFERENCES public.auth_user(id) DEFERRABLE INITIALLY DEFERRED;


--
-- Name: news_comment news_comment_news_id_18ce08a8_fk_news_news_id; Type: FK CONSTRAINT; Schema: public; Owner: news_user
--

ALTER TABLE ONLY public.news_comment
    ADD CONSTRAINT news_comment_news_id_18ce08a8_fk_news_news_id FOREIGN KEY (news_id) REFERENCES public.news_news(id) DEFERRABLE INITIALLY DEFERRED;


--
-- Name: news_comment news_comment_user_id_ed6ce0db_fk_auth_user_id; Type: FK CONSTRAINT; Schema: public; Owner: news_user
--

ALTER TABLE ONLY public.news_comment
    ADD CONSTRAINT news_comment_user_id_ed6ce0db_fk_auth_user_id FOREIGN KEY (user_id) REFERENCES public.auth_user(id) DEFERRABLE INITIALLY DEFERRED;


--
-- Name: news_news news_news_author_id_9f88be71_fk_news_author_id; Type: FK CONSTRAINT; Schema: public; Owner: news_user
--

ALTER TABLE ONLY public.news_news
    ADD CONSTRAINT news_news_author_id_9f88be71_fk_news_author_id FOREIGN KEY (author_id) REFERENCES public.news_author(id) DEFERRABLE INITIALLY DEFERRED;


--
-- Name: news_newscategories news_newscategories_cat_key_id_6614dcbd_fk_news_categories_id; Type: FK CONSTRAINT; Schema: public; Owner: news_user
--

ALTER TABLE ONLY public.news_newscategories
    ADD CONSTRAINT news_newscategories_cat_key_id_6614dcbd_fk_news_categories_id FOREIGN KEY (cat_key_id) REFERENCES public.news_categories(id) DEFERRABLE INITIALLY DEFERRED;


--
-- Name: news_newscategories news_newscategories_new_key_id_09583060_fk_news_news_id; Type: FK CONSTRAINT; Schema: public; Owner: news_user
--

ALTER TABLE ONLY public.news_newscategories
    ADD CONSTRAINT news_newscategories_new_key_id_09583060_fk_news_news_id FOREIGN KEY (new_key_id) REFERENCES public.news_news(id) DEFERRABLE INITIALLY DEFERRED;


--
-- Name: socialaccount_socialtoken socialaccount_social_account_id_951f210e_fk_socialacc; Type: FK CONSTRAINT; Schema: public; Owner: news_user
--

ALTER TABLE ONLY public.socialaccount_socialtoken
    ADD CONSTRAINT socialaccount_social_account_id_951f210e_fk_socialacc FOREIGN KEY (account_id) REFERENCES public.socialaccount_socialaccount(id) DEFERRABLE INITIALLY DEFERRED;


--
-- Name: socialaccount_socialtoken socialaccount_social_app_id_636a42d7_fk_socialacc; Type: FK CONSTRAINT; Schema: public; Owner: news_user
--

ALTER TABLE ONLY public.socialaccount_socialtoken
    ADD CONSTRAINT socialaccount_social_app_id_636a42d7_fk_socialacc FOREIGN KEY (app_id) REFERENCES public.socialaccount_socialapp(id) DEFERRABLE INITIALLY DEFERRED;


--
-- Name: socialaccount_socialapp_sites socialaccount_social_site_id_2579dee5_fk_django_si; Type: FK CONSTRAINT; Schema: public; Owner: news_user
--

ALTER TABLE ONLY public.socialaccount_socialapp_sites
    ADD CONSTRAINT socialaccount_social_site_id_2579dee5_fk_django_si FOREIGN KEY (site_id) REFERENCES public.django_site(id) DEFERRABLE INITIALLY DEFERRED;


--
-- Name: socialaccount_socialapp_sites socialaccount_social_socialapp_id_97fb6e7d_fk_socialacc; Type: FK CONSTRAINT; Schema: public; Owner: news_user
--

ALTER TABLE ONLY public.socialaccount_socialapp_sites
    ADD CONSTRAINT socialaccount_social_socialapp_id_97fb6e7d_fk_socialacc FOREIGN KEY (socialapp_id) REFERENCES public.socialaccount_socialapp(id) DEFERRABLE INITIALLY DEFERRED;


--
-- Name: socialaccount_socialaccount socialaccount_socialaccount_user_id_8146e70c_fk_auth_user_id; Type: FK CONSTRAINT; Schema: public; Owner: news_user
--

ALTER TABLE ONLY public.socialaccount_socialaccount
    ADD CONSTRAINT socialaccount_socialaccount_user_id_8146e70c_fk_auth_user_id FOREIGN KEY (user_id) REFERENCES public.auth_user(id) DEFERRABLE INITIALLY DEFERRED;


--
-- PostgreSQL database dump complete
--

